"ITEM","REFERENCE","QUANTITY","MANUFACTURER P/N","DATASHEET LINK","MANUFACTURER","DESCRIPTION","PACKAGE","COMMENT","UNIT PRICE","USAGE PRICE","SUBSTITUTION P/N","SUBSTITUTION LINK","SOURCING STATUS","NOTE"
1,"U1",1,"WM9707SCFT/V","http://www.wolfsonmicro.com/documents/uploads/data_sheets/en/WM9707.pdf","WOLFSON","AC'97 Revision 2.1 Audio CODEC with SPDIF Output","48-lead TQFP",,5.030,5.030,"LM4550BVH/NOPB","http://www.national.com/profile/snip.cgi/openDS=LM4550B","DONE","WL308"
2,"U2",1,"KSZ8001L","http://www.micrel.com:8000/query?redirect&target=http%3A%2F%2Fwww.micrel.com%2F_PDF%2FEthernet%2Fdatasheets%2FKS8001-ds.pdf%26x230%3Dpage%3D34&tid=t2LhJAKX3AZAGr1&qid=qEw6ahgX1ZHPs&vid=vyd8FELbJAVmZ&qtid=qEw6ahgX1ZHPs&feature=sitemap+url","MICREL","TRANSCEIVER ETHERNET, 8001","LQFP-48",,3.396,3.396,,,"DONE","WL324"
3,"U4, U5",2,"SN75HVD12DR","http://www.ti.com/lit/gpn/sn75hvd12","TI","3.3V RS-485 TRANSCEIVERS, 1Mbps, SOIC-8","SOIC-8",,1.852,3.704,,,"DONE","WL325"
4,"U6",1,"6N138S","http://www.fairchildsemi.com/ds/6N/6N138.pdf","FAIRCHILD","8-Pin SMD Single-Channel Low Input Current High Gain Split Darlington Output Optocoupler","SMDIP-B",,0.772,0.772,,,"DONE","WL326"
5,"U7, U19, U20",3,"SN74LVC1G17DBVR","http://www.ti.com/lit/gpn/sn74lvc1g17","TI","SINGLE SCHMITT-TRIGGER BUFFER, SOT-235","SOT-235",,0.772,2.315,,,"DONE","WL327 / WL246"
6,"U8",1,"TSOP34838","http://www.vishay.com/docs/81732/tsop348.pdf","VISHAY","Infrared Receivers 2.5V-5.5V 38kHz","THROUGH HOLE",,1.488,1.488,,,"DONE","WL302"
7,"U9",1,"JS28F256J3F105","http://www.micron.com/get-document/?documentId=6062","NUMONYX","FLASH 256Mbit, 105ns, 3V","56-TSOP",,10.500,10.500,"JS28F256J3F105A","http://www.numonyx.com/Documents/PCN/PCN109025-04_J3_130_65nm_conversion.pdf","DONE","WL296"
8,"U10",1,"LP38690DT-3.3","http://www.national.com/profile/snip.cgi/openDS=LP38690","NATIONAL SEMI.","1A Low Dropout CMOS Linear Regulators Stable with Ceramic Output Capacitors","TO-252",,1.235,1.235,,,"DONE","WL328"
9,"U11",1,"PTH04000WAH","http://www.ti.com/lit/gpn/pth04000w","TI","3-A, 3.3/5-V Input Adjustable Switching Regulator with Auto-Track Sequencing","THROUGH HOLE",,7.717,7.717,,,"DONE","WL329 / WL248"
10,"U12, U23",2,"TPS76301DBVRG4","http://www.ti.com/lit/gpn/tps76301","TI","LOW POWER 150mA LOW DROPOUT LINEAR REGULATORS SOT-23, VARIABLE","SOT-23",,0.617,1.235,,,"DONE","WL330 / WL249"
11,"U13",1,"LP38511TJ-ADJ/NOPB","http://www.national.com/profile/snip.cgi/openDS=LP38511-ADJ","NATIONAL SEMI.","800mA Fast-Transient Response Adjustable Low-Dropout Linear Voltage Regulator","TO-263",,3.396,3.396,,,"DONE","WL331 / WL250"
12,"U14, U15",2,"MT46V32M16P-5B:F","http://download.micron.com/pdf/datasheets/dram/ddr/512MBDDRx4x8x16.pdf","MICRON","8 Meg x 16 x 4 banks, VDD = +2.6V �0.1V, VDDQ = +2.6V �0.1V (DDR400), 5ns, DDR400B","66-TSOP",,6.174,12.348,,,"DONE","WL332 / WL251"
13,"U16, U17",2,"MIC2550AYTS","http://www.micrel.com/_PDF/mic2550a.pdf","MICREL","Universal Serial Bus Transceiver","14-TSSOP",,1.389,2.778,,,"DONE","WL333 / WL252 / WL112"
14,"U18",1,"ADV7125KSTZ140","http://www.analog.com/static/imported-files/data_sheets/ADV7125.pdf","ANALOG DEVICE","CMOS, 330 MHz, Triple 8-Bit High Speed Video DAC","LQFP-48",,3.550,3.550,,,"DONE","WL334"
15,"U21",1,"ADV7181BBSTZ","http://www.analog.com/static/imported-files/data_sheets/ADV7181B.pdf","ANALOG DEVICE","Multiformat SDTV Video Decoder","LQPF-64",,13.274,13.274,,,"DONE","WL335"
16,"U22",1,"XC6SLX45-2FGG484C","http://www.xilinx.com/support/documentation/data_sheets/ds160.pdf","XILINX","SPARTAN-6","FGG484",,39.900,39.900,,,"DONE","WL297 / WL216"
17,"U24",1,"A4809E3R-263DN","http://www.ait-ic.com/uploads//2009-10/21/_1256089836_7ol2c.pdf","AIT","High Precision Built-in Delay Circuit Ultra-low Voltage 2.63V Detector ","SOT23",,0.092,0.092,,,"N-A","WL5"
18,"Q1, Q2",2,"2N7002MTF","http://www.fairchildsemi.com/ds/2N%2F2N7002MTF.pdf","FAIRCHILD","N-Channel Small Signal MOSFET RDS(on) = 5.0 ? BVDSS = 60 V ID = 200mA","SOT23",,0.018,0.035,,,"N-A","WL255"
19,"D1, D2, D3",3,"KP-1608SGC","http://www.farnell.com/datasheets/55768.pdf","KINGBRIGHT","LED, GREEN, 1.2mm x 0.8mm, SMD","0603",,0.093,0.278,,,"DONE","WL336"
20,"D4",1,"TS4148 RY","http://www.taiwansemi.com/db/pictures/modules/PDT/PDT060207001/TS4148%20RY%20E09.pdf","TAIWAN SEMICONDUCTOR","Diode, 0805, 0.5A, ","0805",,0.154,0.154,,,"DONE","WL337"
21,"D5",1,"AD1580BRTZ-R2","http://www.analog.com/static/imported-files/data_sheets/AD1580.pdf","ANALOG DEVICE","1.2 V Micropower, Precision Shunt Voltage Reference","SOT23-3",,1.080,1.080,,,"DONE","WL338"
22,"D6, D7, D8, D9, D10, D11, D12, D13",8,"BZX84-C4V3","http://www.nxp.com/acrobat_download/datasheets/BZX84_SERIES.pdf","NXP","Voltage Regulator Diode, 4.3V, SOT-233, 250mW","SOT-233",,0.015,0.120,,,"N-A","WL259"
23,"D14, D15",2,"1N5339BG","http://www.onsemi.com/pub/Collateral/1N5333B-D.PDF","ON","Zener Diodes 5.6V 5W","DO-35",,0.309,0.617,,,"DONE","WL355"
24,"D16",1,"MSCD104H","http://downloads.qi-hardware.com/hardware/qi_avt2/v1.0/datasheet/D1_2_4_5_6~MSCD104H.pdf","ZOWIE ","Schottky Barrier Diode 1A 40V ","SOD-323 ",,0.029,0.029,,,"N-A","WL18"
25,"Y1",1,"R49SSA-024576-F18-DDC-YQA ","http://downloads.qi-hardware.com/hardware/milkymist_one/datasheet/Audio/Qi%20Hardware%20R49SSA-024576-F18-DDC-YQA.pdf","YAKETANT","Crystal, 24.576MHz, HC49/4HSMX, 18PF CL, 20ppm","HC49/4HSMX",,0.097,0.097,,,"DONE","WL304"
26,"Y2",1,"R49SSA-028636-F20-YYY-YQA","http://downloads.qi-hardware.com/hardware/milkymist_one/datasheet/VideoIn/Qi%20R49SSA-028636-F20-YYY-YQA.pdf","YAKETANT","Crystal, 28.636MHz,HC-49SMD, 20PF CL, 30ppm","HC-49SMD",,0.097,0.097,,,"DONE","WL303"
27,"U3",1,"SO5032-050000-O3A-BBE-QA ","http://downloads.qi-hardware.com/hardware/milkymist_one/datasheet/FPGA/Qi%20Hardware%20SO5032-050000-O3A-BBE-QA.pdf","YAKETANT","OSC, 3.2X5MM, CER, 50.000MHZ, SMD","3.2mm * 5mm",,0.591,0.591,,,"N-A","WL227"
28,"C1, C3, C13, C30, C31, C32, C38, C39, C41, C43, C44, C45, C47, C48, C123, C124, C125, C126, C128, C129, C130, C131, C132, C136, C137, C140, C141, C142, C143, C145, C149, C150, C151, C157, C162, C167, C168, C169, C170, C183, C184, C185, C186, C189, C190, C192, C194, C195, C196, C197, C199, C201, C208, C209, C214, C215, C216, C217, C220, C228, C232, C233, C234, C236, C237, C242, C243, C244, C245, C250, C251, C252, C254",73,"CC0402KRX5R8BB104","http://www.yageo.com/portal/product/productDocs.jsp?YageoPartNumber=CC0402KRX5R8BB104","YAGEO","Capacitor, X5R, 25V, 100nF, 10%, SMD","0402",,0.003,0.225,,,"DONE","WL339"
29,"C193, C200",2,"CC0402KRX7R9BB101","http://www.yageo.com/portal/product/productDocs.jsp?YageoPartNumber=CC0402KRX7R9BB101","YAGEO","MLCC, X7R, 50V, 100pF,10%, SMD","0402",,0.003,0.006,,,"N-A","WL125"
30,"C49, C50, C69, C82, C85, C98, C103, C240, C248",9,"C3225X5R0J107MT","http://www.tdk.co.jp/tefe02/e412_c.pdf","TDK","Capacitor, X5R, 6.3V, 100uF, 20%, SMD","1210",,0.293,2.639,,,"DONE","WL340"
31,"C120, C158, C159, C160, C161, C163, C164, C165, C166, C180, C181, C182, C210, C211, C218, C219, C221, C227, C229",19,"CC0402KRX7R7BB103 ","http://www.yageo.com/irj/go/km/docs/documents/Public%20Documents/CC0402KRX7R7BB103","YAGEO","MLCC, X7R, 16V, 10nF, 10%, SMD","0402",,0.002,0.038,,,"DONE","WL341"
32,"C34, C144, C154, C179, C191, C198, C212, C213, C222, C223, C230, C231, C235, C253",14,"CC0805MRX5R5BB106","http://www.yageo.com/portal/product/productDocs.jsp?YageoPartNumber=CC0805MRX5R5BB106","YAGEO","MLCC, X5R, 6.3V, 10uF, 20%, SMD","0805",,0.015,0.216,,,"N-A","WL128"
33,"C4, C5, C7, C8, C9, C10, C11, C12, C14, C18, C19, C20, C21, C22, C24(DNP), C35, C36, C37, C40, C42, C121, C127, C134, C156, C171, C172, C174, C175, C187, C188",29,"C1005X5R0J105KT","http://www.tdk.com/s_details.php?class_code=TJA037&item_roots_key=C1005X5R0J105KT&item_name=C1005X5R0J105KT","TDK","MLCC, X5R, 6.3V, 1uF, 10%, SMD","0402",,0.006,0.161,,,"DONE","WL342"
34,"C6",1,"CC0805KRX5R6BB225","http://www.yageo.com/portal/product/productDocs.jsp?YageoPartNumber=CC0805KRX5R6BB225","YAGEO","MLCC, X5R, 10V, 2.2uF, 10%, SMD","0805",,0.010,0.010,,,"N-A","WL130"
35,"C15, C16, C17, C26(DNP), C27(DNP)",3,"CC0402KRX7R9BB221","http://www.yageo.com/portal/product/productDocs.jsp?YageoPartNumber=CC0402KRX7R9BB221","YAGEO","MLCC, X7R, 50V, 220pF, 10%, SMD","0402",,0.003,0.009,,,"N-A","WL131"
36,"C23(DNP), C25(DNP), C178",1,"10TZV220M6.3X8","http://www.farnell.com/datasheets/359739.pdf","RUBYCON","Aluminium Electrolytic Capacitor, 10V, 220uF, 20%, 6.3mm Diameter, 8mm Height, 0.34ohm, SMD, Rubycon TZV","6.3mm * 8mm","Farnell 1712591",0.154,0.154,,,"DONE","WL343"
37,"C46, C122, C135, C146, C147, C152, C155, C177",8,"CC1206X7R9K472RL","http://www.chipcera.com.cn/Main/ProductPDF.asp?ID=21&SortID=1","CHIPCERA","Ceramic Chip - High Voltage Capacitor, X7R, 250V, 4.7nF, 10%, SMD","1206",,0.019,0.152,,,"N-A","WL134"
38,"C153",1,"CC0402KRX7R9BB332 ","http://www.yageo.com/irj/go/km/docs/documents/Public%20Documents/CC0402KRX7R9BB332","YAGEO","MLCC, X7R, 50V, 3.3nF, 10%, SMD","0402",,0.002,0.002,,,"N-A","WL135"
39,"C2",1,"ECJ2YB0J335K","http://industrial.panasonic.com/www-data/pdf/ABJ0000/ABJ0000CE4.pdf","PANASONIC","MLCC, X5R, 6.3V, 3.3uF, 10%, SMD","0805",,0.016,0.016,,,"N-A","WL136"
40,"C28, C29, C225, C226",4,"CC0402JRNPO9BN330","http://www.yageo.com/portal/product/productDocs.jsp?YageoPartNumber=CC0402JRNPO9BN330","YAGEO","MLCC, NPO, 50V, 33pF, 5%, SMD","0402",,0.003,0.012,,,"N-A","WL137"
41,"C51, C52, C53, C54, C55, C56, C70, C71, C72, C73, C83, C84, C86, C87, C88, C99, C100, C101, C102, C104, C105, C106",22,"C2012X5R0J475KT","http://www.tdk.com/s_details.php?class_code=TJA037&item_roots_key=C2012X5R0J475KTa&item_name=C2012X5R0J475KT","TDK","MLCC, X5R, 6.3V, 4.7uF, 10%, SMD","0805",,0.018,0.396,,,"DONE","WL344"
42,"C57, C58, C59, C60, C61, C62, C63, C64, C65, C66, C67, C68, C74, C75, C76, C77, C78, C79, C80, C81, C89, C90, C91, C92, C93, C94, C95, C96, C97, C107, C108, C109, C110, C111, C112, C113, C114, C115, C116, C117, C118, C119, C173, C176",44,"CC0402KRX5R5BB474","http://www.yageo.com/irj/go/km/docs/documents/Public%20Documents/CC0402KRX5R5BB474","YAGEO","MLCC, Capacitor, X5R, 6.3V, 470nF, 10%, SMD","0402",,0.005,0.217,,,"DONE","WL345"
43,"C202, C203, C204, C205, C206, C207",6,"CC0402KRX7R9BB121","http://www.yageo.com/portal/product/productDocs.jsp?YageoPartNumber=CC0402KRX7R9BB121","YAGEO","MLCC, X7R, 50V, 120pF, 10%, SMD","0402",,0.00,0.015,,,"DONE","WL356"
44,"C133, C138, C139, C148",4,"C3225X5R0J476MT000N","http://www.tdk.co.jp/tefe02/e412_c.pdf","TDK","MLCC, X5R, 6.3V, 47uF, 20%, SMD","1210",,0.231,0.926,,,"DONE","WL346"
45,"C255",1,"CC0402KRX5R7BB473","http://www.yageo.com/portal/product/productDocs.jsp?YageoPartNumber=CC0402KRX5R7BB473","YAGEO","MLCC, X5R, 16V, 47nF, 10%, SMD","0402",,0.003,0.003,,,"DONE","WL352"
46,"C224",1,"0402X823K100CT","http://www.passivecomponent.com/lh/High_Capacitance_DS.pdf","WALSIN","MLCC, X5R, 10V, 82nF, 10%, SMD","0402",,0.001,0.001,,,"N-A","WL96"
47,"L2, L3, L4, L5, L6, L13, L14, L15, L16, L17, L18",11,"CB100505T-601Y ","http://downloads.qi-hardware.com/hardware/milkymist_one/datasheet/Audio/CB100505T-601Y.pdf","EROCORE","Ferrite bead, 300mA, 100MHz:600ohm, SMD","0402",,0.007,0.082,,,"N-A","WL236"
48,"L7, L8, L9, L10, L12, L19(DNP), L20",6,"FBMJ3216HM600-T","http://www.yuden.co.jp/ut/product/inductor/FBMJ3216HM600-T.html","TAIYO YUDEN","Power ferrite bead, 100MHz:60ohm, 6A, SMD","1206",,1.462,8.772,,,"DONE","WL323"
49,"R67",1,"RC0402FR-071K4L","http://www.yageo.com/irj/go/km/docs/documents/Public%20Documents/RC0402FR-071K4L","YAGEO","Resistor, 1.4K, 0402, 1%","0402",,0.001,0.001,,,"N-A","WL146"
50,"R168(DNP), R169(DNP), R172(DNP), R173(DNP)",0,"RC0402FR-071K5L","http://www.yageo.com/irj/go/km/docs/documents/Public%20Documents/RC0402FR-071K5L","YAGEO","Resistor, 1.5K, 0402, 1%","0402",,0.001,0.000,,,"N-A","WL263"
51,"R166, R167, R170, R171",4,"RC0402FR-0715KL","http://www.yageo.com/irj/go/km/docs/documents/Public%20Documents/RC0402FR-0715KL","YAGEO","Resistor, 15K, 0402, 1%","0402",,0.001,0.004,,,"N-A","WL264"
52,"R155",1,"RC0402FR-071K69L ","http://www.yageo.com/irj/go/km/docs/documents/Public%20Documents/RC0402FR-071K69L","YAGEO","Resistor, 1.69k, 0402, 1%","0402",,0.001,0.001,,,"N-A","WL147"
53,"R48, R49, R52, R53",4,"RC0402FR-0710RL","http://www.yageo.com/irj/go/km/docs/documents/Public%20Documents/RC0402FR-0710RL","YAGEO","Resistor, 10, 0402, 1%","0402",,0.001,0.004,,,"N-A","WL148"
54,"R58, R164, R165",3,"RC0402FR-07100RL","http://www.yageo.com/irj/go/km/docs/documents/Public%20Documents/RC0402FR-07100RL","YAGEO","Resistor, 100, 0402, 1%","0402",,0.001,0.003,,,"N-A","WL149"
55,"R1(DNP), R17, R18, R19, R26(DNP), R27(DNP), R44, R45, R46, R60, R61(DNP)",7,"RC0402FR-0710KL","http://www.yageo.com/irj/go/km/docs/documents/Public%20Documents/RC0402FR-0710KL","YAGEO","Resistor, 10K, 0402, 1%","0402",,0.001,0.007,,,"N-A","WL150"
56,"R41, R42, R43, R50, R51, R54, R91",7,"RC0402FR-07120RL","http://www.yageo.com/irj/go/km/docs/documents/Public%20Documents/RC0402FR-07120RL","YAGEO","Resistor, 120, 0402, 1%","0402",,0.001,0.007,,,"N-A","WL151"
57,"R64, R180",2,"RC0402FR-07169KL ","http://www.yageo.com/irj/go/km/docs/documents/Public%20Documents/RC0402FR-07169KL","YAGEO","Resistor, 169K, 0402, 1%","0402",,0.001,0.002,,,"N-A","WL152"
58,"R22, R70, R92, R113, R134, R135, R141, R162, R163, R174, R175, R176(DNP), R177, R178(DNP), R179(DNP)",12,"RC0402FR-071KL","http://www.yageo.com/irj/go/km/docs/documents/Public%20Documents/RC0402FR-071KL","YAGEO","Resistor, 1K, 0402, 1%","0402",,0.001,0.011,,,"DONE","WL347"
59,"R28(DNP), R154",1,"RC0402FR-071ML ","http://www.yageo.com/irj/go/km/docs/documents/Public%20Documents/RC0402FR-071ML","YAGEO","Resistor, 1M, 0402, 1%","0402",,0.001,0.001,,,"N-A","WL154"
60,"R13",1,"RC0402FR-072K2L","http://www.yageo.com/irj/go/km/docs/documents/Public%20Documents/RC0402FR-072K2L","YAGEO","Resistor, 2.2K, 0402, 1%","0402",,0.001,0.001,,,"N-A","WL155"
61,"R62",1,"RC0402FR-072K32L ","http://www.yageo.com/irj/go/km/docs/documents/Public%20Documents/RC0402FR-072K32L","YAGEO","Resistor, 2.32K, 0402, 1%","0402",,0.001,0.001,,,"DONE","WL348"
62,"R36, R38, R55, R56, R57",5,"RC0402FR-07220RL ","http://www.yageo.com/irj/go/km/docs/documents/Public%20Documents/RC0402FR-07220RL","YAGEO","Resistor, 220, 0402, 1%","0402",,0.001,0.004,,,"N-A","WL157"
63,"R136, R137, R138, R140",4,"RC0402FR-0724RL ","http://www.yageo.com/irj/go/km/docs/documents/Public%20Documents/RC0402FR-0724RL","YAGEO","Resistor, 24, 0402, 1%","0402",,0.001,0.004,,,"N-A","WL158"
64,"R37, R47, R65, R66, R68, R69, R139, R156",8,"RC1206JR-071ML ","http://octopart.com/rc1206jr-071ml-yageo-1200378","YAGEO","Resistor, 200V, 1M, 1206, 5%","1206",,0.001,0.007,,,"N-A","WL159"
65,"R71, R72, R73, R74, R75, R76, R77, R78, R79, R80, R81, R82, R83, R84, R85, R86, R87, R88, R89, R90, R93, R94, R95, R96, R97, R98, R99, R100, R101, R102, R103, R104, R105, R106, R107, R108, R109, 110, R111, R112, R114, R115, R116, R117, R118, R119, R120, R121, R122, R123, R124, R125, R126, R127, R128, R129, R130, R131, R132, R133",60,"RC0402FR-0733RL ","http://www.yageo.com/irj/go/km/docs/documents/Public%20Documents/RC0402FR-0733RL","YAGEO","Resistor, 33, 0402, 1%","0402",,0.001,0.056,,,"DONE","WL349"
66,"R39",1,"RC0402FR-07330RL ","http://www.yageo.com/irj/go/km/docs/documents/Public%20Documents/RC0402FR-07330RL","YAGEO","Resistor, 330, 0402, 1%","0402",,0.001,0.001,,,"N-A","WL161"
67,"R181",1,"RC0402FR-07442KL","http://www.yageo.com/portal/product/productDocs.jsp?YageoPartNumber=RC0402FR-07442KL","YAGEO","Resistor, 442K, 0402, 1%","0402",,0.001,0.001,,,"N-A","WL265"
68,"R29, R30, R147, R148, R149, R150, R157",7,"RC0402FR-074K7L ","http://www.yageo.com/irj/go/km/docs/documents/Public%20Documents/RC0402FR-074K7L","YAGEO","Resistor, 4.7K, 0402, 1%","0402",,0.001,0.006,,,"N-A","WL162"
69,"R40, R143",2,"RC0402FR-0747RL ","http://www.yageo.com/irj/go/km/docs/documents/Public%20Documents/RC0402FR-0747RL","YAGEO","Resistor, 47, 0402, 1%","0402",,0.001,0.002,,,"N-A","WL163"
70,"R25",1,"RC0402FR-0747KL ","http://www.yageo.com/irj/go/km/docs/documents/Public%20Documents/RC0402FR-0747KL","YAGEO","Resistor, 47K, 0402, 1%","0402",,0.001,0.001,,,"N-A","WL164"
71,"R32, R33, R34, R35",4,"RC0402FR-0749R9L ","http://www.yageo.com/irj/go/km/docs/documents/Public%20Documents/RC0402FR-0749R9L","YAGEO","Resistor, 49.9, 0402, 1%","0402",,0.001,0.004,,,"N-A","WL165"
72,"R142",1,"RC0402FR-07560RL ","http://www.yageo.com/irj/go/km/docs/documents/Public%20Documents/RC0402FR-07560RL","YAGEO","Resistor, 560, 0402, 1%","0402",,0.001,0.001,,,"N-A","WL166"
73,"R31",1,"RC0402FR-076K65L ","http://www.yageo.com/irj/go/km/docs/documents/Public%20Documents/RC0402FR-076K65L","YAGEO","Resistor, 6.65K, 0402, 1%","0402",,0.001,0.001,,,"N-A","WL167"
74,"R2, R3, R4, R5, R6, R7, R8, R9, R10, R11, R12, R14, R15, R16, R20, R21, R23, R24",18,"RC0402FR-076K8L ","http://www.yageo.com/irj/go/km/docs/documents/Public%20Documents/RC0402FR-076K8L","YAGEO","Resistor, 6.8K, 0402, 1%","0402",,0.001,0.016,,,"N-A","WL168"
75,"R144, R145, R146, R151, R152, R153",6,"RC0402FR-0775RL ","http://www.yageo.com/irj/go/km/docs/documents/Public%20Documents/RC0402FR-0775RL","YAGEO","Resistor, 75, 0402, 1%","0402",,0.001,0.005,,,"N-A","WL169"
76,"R63",1,"RC0402FR-0786K6L ","http://www.yageo.com/irj/go/km/docs/documents/Public%20Documents/RC0402FR-0786K6L","YAGEO","Resistor, 86.6K, 0402, 1%","0402",,0.001,0.001,,,"N-A","WL170"
77,"L1, R159, R161, R158(DNP), R160(DNP), R182(DNP)",3,"RC0402JR-070RL","http://www.yageo.com/irj/go/km/docs/documents/Public%20Documents/RC0402JR-070RL","YAGEO","Resistor, 0, 0402, 1%","0402","3/6 Do Not Place, ",0.001,0.003,,,"N-A","WL171"
78,"V1, V2, V3, V4",4,"V0402MHS03NR","http://www.littelfuse.com/data/en/Data_Sheets/Littelfuse_MLV_MHS.pdf","LITTELFUSE","Varistors - MOV & MLV 42VDC .01J 110V-CLAMP 1A-PK","0402","Mouser 576-V0402MHS03NR",0.022,0.088,,,"N-A","WL172"
79,"V5, V6, V7",3,"V9MLA0402LNH","http://www.littelfuse.com/data/en/Data_Sheets/Littelfuse_MLV_MLA.pdf","LITTELFUSE","Varistors 9V 20A 33pF","0402",,0.015,0.046,,,"DONE","WL353"
80,"F2",1,"MINISMDC200F-2","http://www.tycoelectronics.com/commerce/DocumentDelivery/DDEController?Action=showdoc&DocId=Specification+Or+Standard%7FSCD25274%7FI%7Fpdf%7FEnglish%7FENG_SS_SCD25274_I.pdf%7FRF1410-000","TYCO ELECTRONICS / RAYCHEM","Polyswitch Trip Current 4A Hold Current 2A SMD, PTC Resettable Fuses 2A 8V 100A Imax","1812",,0.484,0.484,,,"DONE","WL307"
81,"J1, J2",2,"SCJ368R1NUS0B00G ","http://www.scpre.com.tw/ProductPage/101/2","SCPRE","Jack plug, AUDIO/VIDEO CONNECTORS","THROUGH HOLE",,1.754,3.509,"STX-3150-5N","http://www.kycon.com/Pub_Eng_Draw/STX-3150-5N.pdf","DONE","WL300"
82,"J3, J21",2,"MD241849","http://www.stm.com.tw/test/pdf-1/c24184.pdf","STM","Header, Top Entry, 2X9, 2.54mm","THROUGH HOLE",,0.100,0.200,,,"DONE","WL305"
83,"J4",1,"RTF-114B8A1A ","http://downloads.qi-hardware.com/hardware/milkymist_one/datasheet/Ethernet/RTF-114B8A1A(023-00).pdf","UDE","Telecom & Ethernet Connectors RA MOD JACK 8/8 W/ LEDS","THROUGH HOLE",,1.143,1.143,"48025-0002","http://www.molex.com/pdm_docs/sd/480250002_sd.pdf","DONE","WL301"
84,"J5",1,"M241844","http://www.stm.com.tw/test/pdf-1/c24184.pdf","STM","Header, Top Entry, 1X4, 2.54mm","THROUGH HOLE",,0.021,0.021,,,"DONE","WL306"
85,"J6",1,"87832-1420","http://www.molex.com/pdm_docs/sd/878321420_sd.pdf","MOLEX","Headers 14P SMD PB FREE SHRD","SMD",,1.864,1.864,"MPVK-VP-2X07-LF","http://downloads.qi-hardware.com/hardware/milkymist_one/datasheet/FPGA/MPVK-VP-2X07-LF.pdf","DONE","WL295"
86,"J7",1,"NC3FAH1 ","http://www.neutrik.com/zoolu-website/media/document/1218/Drawing+NC3FAH1","NEUTRIK","SOCKET, XLR, PANEL, HORIZ/PCB, NEUTRIK","THROUGH HOLE",,1.601,1.601,,,"DONE","WL294"
87,"J8",1,"NC3MAH","http://www.neutrik.com/zoolu-website/media/document/1295/Drawing+NC3MAH","NEUTRIK","PLUG, XLR, PANEL, HORIZ/PCB, 3POLE, NEUTRIK ","THROUGH HOLE",,1.338,1.338,,,"DONE","WL293"
88,"J9, J10",2,"671-0500","http://www.farnell.com/datasheets/65433.pdf","DELTRON","SOCKET, DIN, PCB, 180, 5PIN, 5WAYS, 45 DEGREE","THROUGH HOLE",,2.339,4.678,,,"DONE","WL289 / WL290"
89,"J11",1,"SCD441CPS011B00G ","http://www.scpre.com.tw/ProductPage/149","SCPRE","SOCKET, PCB, DC POWER, 2.1MM, NORMAL OPEN","THROUGH HOLE",,0.090,0.090,"DCJ-R-20-LF","http://downloads.qi-hardware.com/hardware/milkymist_one/datasheet/Supply/DCJ-R-20-LF.pdf","DONE","WL299"
90,"J16, J20",2,"48204-0001","http://www.molex.com/pdm_docs/sd/482040001_sd.pdf","MOLEX","USB & Firewire Connectors USB TYPE A REC UPRIGHT REVERSE","THROUGH HOLE",,1.663,3.326,,,"DONE","WL292"
91,"J17",1,"D11215SXX31XN","http://downloads.qi-hardware.com/hardware/milkymist_one/datasheet/VGAOut/D11215SXX31XN.pdf","FEN YING","D Sub-15, FEMALE","THROUGH HOLE",,0.202,0.202,"D112H1S1122A11N0",,"DONE","WL235"
92,"J18",1,"SCP662CNS257U00G","http://downloads.qi-hardware.com/hardware/milkymist_one/datasheet/VideoIn/SCP662CNS257U00G.pdf","SCPRE","CONN RCA JACK R/A RED/GREEN/BLUE","THROUGH HOLE",,0.308,0.308,,,"DONE","WL298"
93,"J19",1,"500901-0801","http://www.molex.com/pdm_docs/sd/5009010801_sd.pdf","MOLEX","Memory Card Connectors RIGHT ANGLE SMT Hinge Type ","SMD",,2.964,2.964,,,"DONE","WL291 / WL274"
94,"MK1",1,"MCE-100","http://www.farnell.com/datasheets/359234.pdf","PRO SIGNAL","Electret microphone, DC:10V 5.6mV/Pa, ?9.7 x 6.7mm.","?9.7 x 6.7mm, THROUGH HOLE",,0.308,0.308,"XF-18D",,"DONE","WL350"
95,"SW1, SW2, SW3",3,"FSMRA2JH","http://www.farnell.com/datasheets/51343.pdf","TYCO ELECTRONICS","SWITCH, TACTILE, SPNO, R/A, ","THROUGH HOLE","Farnell 1555987",0.463,1.388,,,"DONE","WL351 / WL268"
96,,1,"K231060001",,"NEWHEART","RC3 PCB",,"total 95pcs",21.016,21.016,,,"DONE","WL357"
97,,1,"SMT/DIP",,"MINBO","MOUNTING PARTS",,,,,,,"NOT START",
98,,4,"HTS306","http://www.kss.com.tw/e4k/e4-11/C1111-1.asp","KSS","Plastic Hexagonal Threaded Space, M3 * 0.6",,,0.040,0.160,,,"DONE","WL359"
99,,4,"PN3","http://www.kss.com.tw/e4k/e4-12/C1401-1.asp","KSS","Plastic Fastener",,,0.028,0.114,,,"DONE","WL358"
,,,,,,,,,"TOTAL",169.85,,,,
